,Keyword,Score,Acc.,Bias
4,beach,2.656,0.7432432432432432,S
0,biological species,-0.1406,0.753731343283582,
2,species,-0.1875,0.753731343283582,
3,bird,-0.25,0.7101449275362319,
0,biological species,-0.3281,0.9392712550607287,
1,biological,-0.3906,0.9393939393939394,
1,biological,-0.4219,0.7555555555555555,
4,person,-0.6094,0.65,
2,species,-0.703,0.9393939393939394,
3,bird,-1.547,0.9302325581395349,
