,Keyword,Score,Acc.,Bias
0,person,0.0,0.8917897629680522,S
0,person,-0.01563,0.9034028540065862,
2,premiere,-0.09375,0.9280225409836066,
3,film,-0.1562,0.9320183163085594,
4,actor arrives,-0.1719,0.9090909090909091,
3,hair,-0.2344,0.9492119089316988,
1,actor,-0.3438,0.9230769230769231,
1,actor,-0.375,0.9352941176470588,
4,actor arrives,-0.4688,0.9478260869565217,
2,premiere,-0.4844,0.9563679245283019,
